"nb_seg","rep","seed","method","time_s","nb_changepoints","segments_detected"
100,1,126,"PELT",47.404,99,100
100,2,131,"PELT",47.624,99,100
100,3,136,"PELT",47.723,99,100
100,4,141,"PELT",47.373,99,100
100,5,146,"PELT",47.378,99,100
100,6,151,"PELT",47.714,99,100
100,7,156,"PELT",47.589,99,100
100,8,161,"PELT",47.748,99,100
100,9,166,"PELT",49.838,99,100
100,10,171,"PELT",50.061,99,100
100,11,176,"PELT",49.846,99,100
100,12,181,"PELT",49.493,99,100
100,13,186,"PELT",49.953,99,100
100,14,191,"PELT",49.753,99,100
100,15,196,"PELT",49.546,99,100
100,16,201,"PELT",49.736,99,100
100,17,206,"PELT",50.03,99,100
100,18,211,"PELT",50.02,99,100
100,19,216,"PELT",49.92,99,100
100,20,221,"PELT",50.168,99,100
100,21,226,"PELT",50.251,99,100
100,22,231,"PELT",50.015,99,100
100,23,236,"PELT",49.942,99,100
100,24,241,"PELT",50.102,99,100
100,25,246,"PELT",51.655,99,100
100,26,251,"PELT",51.746,99,100
100,27,256,"PELT",51.734,99,100
100,28,261,"PELT",51.573,99,100
100,29,266,"PELT",51.811,99,100
100,30,271,"PELT",51.788,99,100
100,31,276,"PELT",51.934,99,100
100,32,281,"PELT",51.899,99,100
100,33,286,"PELT",53.365,99,100
100,34,291,"PELT",53.376,99,100
100,35,296,"PELT",53.354,99,100
100,36,301,"PELT",53.454,99,100
100,37,306,"PELT",53.465,99,100
100,38,311,"PELT",53.367,99,100
100,39,316,"PELT",53.544,99,100
100,40,321,"PELT",53.478,99,100
100,41,326,"PELT",52.039,99,100
100,42,331,"PELT",52.298,99,100
100,43,336,"PELT",52.2,99,100
100,44,341,"PELT",52.251,99,100
100,45,346,"PELT",52.173,99,100
100,46,351,"PELT",52.189,99,100
100,47,356,"PELT",52.227,99,100
100,48,361,"PELT",52.027,99,100
100,49,366,"PELT",51.637,99,100
100,50,371,"PELT",51.084,99,100
100,51,376,"PELT",51.613,99,100
100,52,381,"PELT",50.823,99,100
100,53,386,"PELT",51.353,99,100
100,54,391,"PELT",51.457,99,100
100,55,396,"PELT",50.967,99,100
100,56,401,"PELT",51.628,99,100
100,57,406,"PELT",51.45,99,100
100,58,411,"PELT",51.458,99,100
100,59,416,"PELT",50.9,99,100
100,60,421,"PELT",51.553,99,100
100,61,426,"PELT",51.619,99,100
100,62,431,"PELT",51.863,99,100
100,63,436,"PELT",51.257,99,100
100,64,441,"PELT",51.556,99,100
100,65,446,"PELT",51.28,99,100
100,66,451,"PELT",50.987,99,100
100,67,456,"PELT",51.081,99,100
100,68,461,"PELT",51.498,99,100
100,69,466,"PELT",51.201,99,100
100,70,471,"PELT",50.661,99,100
100,71,476,"PELT",50.919,99,100
100,72,481,"PELT",51.083,99,100
100,73,486,"PELT",51.731,99,100
100,74,491,"PELT",51.941,99,100
100,75,496,"PELT",51.8630000000001,99,100
100,76,501,"PELT",51.85,99,100
100,77,506,"PELT",52.0500000000001,99,100
100,78,511,"PELT",51.955,99,100
100,79,516,"PELT",52.03,99,100
100,80,521,"PELT",51.763,99,100
100,81,526,"PELT",52.811,99,100
100,82,531,"PELT",52.622,99,100
100,83,536,"PELT",52.8000000000001,99,100
100,84,541,"PELT",52.877,99,100
100,85,546,"PELT",52.654,99,100
100,86,551,"PELT",52.782,99,100
100,87,556,"PELT",52.906,99,100
100,88,561,"PELT",52.617,99,100
100,89,566,"PELT",51.13,99,100
100,90,571,"PELT",51.263,99,100
100,91,576,"PELT",51.674,99,100
100,92,581,"PELT",51.526,99,100
100,93,586,"PELT",51.53,99,100
100,94,591,"PELT",51.644,99,100
100,95,596,"PELT",51.4599999999999,99,100
100,96,601,"PELT",51.676,99,100
100,97,606,"PELT",45.458,99,100
100,98,611,"PELT",45.468,99,100
100,99,616,"PELT",45.66,99,100
100,100,621,"PELT",45.6270000000001,99,100
