"nb_seg","rep","method","time_s","nb_changepoints","segments_detected"
10000,1,"1D",0.533000000000001,9999,10000
10000,1,"2D",0.656999999999996,9999,10000
1000,1,"1D",1.065,999,1000
1000,1,"2D",1.153,999,1000
100,1,"1D",3.474,99,100
100,1,"2D",3.266,99,100
10,1,"1D",15.132,9,10
10,1,"2D",10.532,9,10
1,1,"1D",85.007,0,1
1,1,"2D",39.746,0,1
10000,2,"2D",0.667000000000002,9999,10000
10000,2,"1D",0.516000000000005,9999,10000
1000,2,"2D",1.224,999,1000
1000,2,"1D",0.983000000000004,999,1000
100,2,"2D",3.259,99,100
100,2,"1D",3.46,99,100
10,2,"2D",10.125,9,10
10,2,"1D",16.244,9,10
1,2,"2D",36.548,0,1
1,2,"1D",86.459,0,1
10000,3,"1D",0.535999999999994,9999,10000
10000,3,"2D",0.652999999999999,9999,10000
1000,3,"1D",1.004,999,1000
1000,3,"2D",1.163,999,1000
100,3,"1D",3.51,99,100
100,3,"2D",3.321,99,100
10,3,"1D",18.071,9,10
10,3,"2D",12.437,9,10
1,3,"1D",82.573,0,1
1,3,"2D",37.772,0,1
10000,4,"2D",0.676000000000002,9999,10000
10000,4,"1D",0.535000000000004,9999,10000
1000,4,"2D",1.206,999,1000
1000,4,"1D",1.032,999,1000
100,4,"2D",3.364,99,100
100,4,"1D",3.664,99,100
10,4,"2D",11.538,9,10
10,4,"1D",18.556,9,10
1,4,"2D",36.366,0,1
1,4,"1D",85.826,0,1
10000,5,"1D",0.576999999999998,9999,10000
10000,5,"2D",0.721999999999994,9999,10000
1000,5,"1D",1.122,999,1000
1000,5,"2D",1.33500000000001,999,1000
100,5,"1D",3.809,99,100
100,5,"2D",3.57899999999999,99,100
10,5,"1D",18.388,9,10
10,5,"2D",12.179,9,10
1,5,"1D",72.283,0,1
1,5,"2D",32.358,0,1
10000,6,"2D",0.745000000000005,9999,10000
10000,6,"1D",0.585999999999999,9999,10000
1000,6,"2D",1.321,999,1000
1000,6,"1D",1.11499999999999,999,1000
100,6,"2D",3.571,99,100
100,6,"1D",3.80000000000001,99,100
10,6,"2D",11.828,9,10
10,6,"1D",17.867,9,10
1,6,"2D",37.772,0,1
1,6,"1D",84.66,0,1
10000,7,"1D",0.589000000000013,9999,10000
10000,7,"2D",0.73299999999999,9999,10000
1000,7,"1D",1.11199999999999,999,1000
1000,7,"2D",1.30499999999999,999,1000
100,7,"1D",3.83800000000001,99,100
100,7,"2D",3.635,99,100
10,7,"1D",19.097,9,10
10,7,"2D",12.447,9,10
1,7,"1D",107.223,0,1
1,7,"2D",46.807,0,1
10000,8,"2D",0.748000000000019,9999,10000
10000,8,"1D",0.587000000000018,9999,10000
1000,8,"2D",1.35799999999998,999,1000
1000,8,"1D",1.14600000000002,999,1000
100,8,"2D",3.608,99,100
100,8,"1D",3.83700000000002,99,100
10,8,"2D",12.672,9,10
10,8,"1D",19.762,9,10
1,8,"2D",44.615,0,1
1,8,"1D",101.71,0,1
10000,9,"1D",0.595999999999975,9999,10000
10000,9,"2D",0.747000000000014,9999,10000
1000,9,"1D",1.13800000000001,999,1000
1000,9,"2D",1.333,999,1000
100,9,"1D",3.98500000000001,99,100
100,9,"2D",3.66200000000001,99,100
10,9,"1D",17.556,9,10
10,9,"2D",11.387,9,10
1,9,"1D",81.097,0,1
1,9,"2D",36.256,0,1
10000,10,"2D",0.770999999999987,9999,10000
10000,10,"1D",0.61099999999999,9999,10000
1000,10,"2D",1.37700000000001,999,1000
1000,10,"1D",1.17100000000002,999,1000
100,10,"2D",3.727,99,100
100,10,"1D",3.99800000000002,99,100
10,10,"2D",10.742,9,10
10,10,"1D",16.162,9,10
1,10,"2D",43.024,0,1
1,10,"1D",103.454,0,1
10000,11,"1D",0.601999999999975,9999,10000
10000,11,"2D",0.777000000000015,9999,10000
1000,11,"1D",1.155,999,1000
1000,11,"2D",1.35000000000002,999,1000
100,11,"1D",3.928,99,100
100,11,"2D",3.68100000000001,99,100
10,11,"1D",16.847,9,10
10,11,"2D",11.171,9,10
1,11,"1D",78.631,0,1
1,11,"2D",34.627,0,1
10000,12,"2D",0.751000000000005,9999,10000
10000,12,"1D",0.602000000000004,9999,10000
1000,12,"2D",1.35000000000002,999,1000
1000,12,"1D",1.15899999999999,999,1000
100,12,"2D",3.66999999999999,99,100
100,12,"1D",3.946,99,100
10,12,"2D",12.482,9,10
10,12,"1D",19.375,9,10
1,12,"2D",47.244,0,1
1,12,"1D",113.482,0,1
10000,13,"1D",0.606999999999999,9999,10000
10000,13,"2D",0.756,9999,10000
1000,13,"1D",1.16199999999998,999,1000
1000,13,"2D",1.38499999999999,999,1000
100,13,"1D",3.976,99,100
100,13,"2D",3.71600000000001,99,100
10,13,"1D",18.093,9,10
10,13,"2D",11.865,9,10
1,13,"1D",90.611,0,1
1,13,"2D",39.948,0,1
10000,14,"2D",0.763000000000034,9997,9998
10000,14,"1D",0.59899999999999,9997,9998
1000,14,"2D",1.36700000000002,999,1000
1000,14,"1D",1.15500000000003,999,1000
100,14,"2D",3.59800000000001,99,100
100,14,"1D",3.85300000000001,99,100
10,14,"2D",10.67,9,10
10,14,"1D",16.365,9,10
1,14,"2D",42.747,0,1
1,14,"1D",94.588,0,1
10000,15,"1D",0.602000000000032,9997,9998
10000,15,"2D",0.752999999999986,9997,9998
1000,15,"1D",1.15499999999997,999,1000
1000,15,"2D",1.34800000000001,999,1000
100,15,"1D",3.93399999999997,99,100
100,15,"2D",3.64600000000002,99,100
10,15,"1D",18.285,9,10
10,15,"2D",11.9,9,10
1,15,"1D",87.132,0,1
1,15,"2D",38.994,0,1
10000,16,"2D",0.759999999999991,9999,10000
10000,16,"1D",0.597000000000037,9999,10000
1000,16,"2D",1.35200000000003,999,1000
1000,16,"1D",1.13900000000001,999,1000
100,16,"2D",3.66199999999998,99,100
100,16,"1D",3.90500000000003,99,100
10,16,"2D",11.713,9,10
10,16,"1D",18.178,9,10
1,16,"2D",32.712,0,1
1,16,"1D",74.491,0,1
10000,17,"1D",0.601999999999975,9999,10000
10000,17,"2D",0.757000000000005,9999,10000
1000,17,"1D",1.15999999999997,999,1000
1000,17,"2D",1.35000000000002,999,1000
100,17,"1D",4.01400000000001,99,100
100,17,"2D",3.71699999999998,99,100
10,17,"1D",17.053,9,10
10,17,"2D",11.028,9,10
1,17,"1D",115.804,0,1
1,17,"2D",51.184,0,1
10000,18,"2D",0.75200000000001,9999,10000
10000,18,"1D",0.593999999999994,9999,10000
1000,18,"2D",1.34500000000003,999,1000
1000,18,"1D",1.13799999999998,999,1000
100,18,"2D",3.66900000000004,99,100
100,18,"1D",3.93599999999998,99,100
10,18,"2D",11.847,9,10
10,18,"1D",18.18,9,10
1,18,"2D",38.231,0,1
1,18,"1D",94.467,0,1
10000,19,"1D",0.617000000000019,9999,10000
10000,19,"2D",0.776999999999987,9999,10000
1000,19,"1D",1.16300000000001,999,1000
1000,19,"2D",1.36399999999998,999,1000
100,19,"1D",3.89100000000002,99,100
100,19,"2D",3.61399999999998,99,100
10,19,"1D",18.235,9,10
10,19,"2D",12.037,9,10
1,19,"1D",85.575,0,1
1,19,"2D",38.076,0,1
10000,20,"2D",0.759000000000015,9999,10000
10000,20,"1D",0.588000000000022,9999,10000
1000,20,"2D",1.34299999999996,999,1000
1000,20,"1D",1.17200000000003,999,1000
100,20,"2D",3.67499999999995,99,100
100,20,"1D",4.09199999999998,99,100
10,20,"2D",12.125,9,10
10,20,"1D",18.774,9,10
1,20,"2D",38.873,0,1
1,20,"1D",90.751,0,1
10000,21,"1D",0.623999999999967,9999,10000
10000,21,"2D",0.771999999999991,9999,10000
1000,21,"1D",1.18299999999999,999,1000
1000,21,"2D",1.38400000000001,999,1000
100,21,"1D",4.096,99,100
100,21,"2D",3.822,99,100
10,21,"1D",17.423,9,10
10,21,"2D",11.578,9,10
1,21,"1D",88.0790000000001,0,1
1,21,"2D",38.703,0,1
10000,22,"2D",0.783999999999992,9999,10000
10000,22,"1D",0.62299999999999,9999,10000
1000,22,"2D",1.38599999999997,999,1000
1000,22,"1D",1.18200000000002,999,1000
100,22,"2D",3.67500000000001,99,100
100,22,"1D",3.99799999999999,99,100
10,22,"2D",12.549,9,10
10,22,"1D",19.347,9,10
1,22,"2D",36.165,0,1
1,22,"1D",84.331,0,1
10000,23,"1D",0.617999999999995,9999,10000
10000,23,"2D",0.774000000000001,9999,10000
1000,23,"1D",1.17599999999999,999,1000
1000,23,"2D",1.37600000000003,999,1000
100,23,"1D",3.95499999999998,99,100
100,23,"2D",3.74599999999998,99,100
10,23,"1D",18.854,9,10
10,23,"2D",12.436,9,10
1,23,"1D",85.961,0,1
1,23,"2D",37.224,0,1
10000,24,"2D",0.787000000000035,9999,10000
10000,24,"1D",0.62700000000001,9999,10000
1000,24,"2D",1.40699999999998,999,1000
1000,24,"1D",1.20499999999998,999,1000
100,24,"2D",3.803,99,100
100,24,"1D",4.10900000000004,99,100
10,24,"2D",12.27,9,10
10,24,"1D",18.711,9,10
1,24,"2D",42.686,0,1
1,24,"1D",95.6949999999999,0,1
10000,25,"1D",0.636000000000081,9999,10000
10000,25,"2D",0.799999999999955,9999,10000
1000,25,"1D",1.20800000000008,999,1000
1000,25,"2D",1.40199999999993,999,1000
100,25,"1D",4.05500000000006,99,100
100,25,"2D",3.78399999999999,99,100
10,25,"1D",18.718,9,10
10,25,"2D",12.427,9,10
1,25,"1D",85.516,0,1
1,25,"2D",37.63,0,1
10000,26,"2D",0.809999999999945,9999,10000
10000,26,"1D",0.634000000000015,9999,10000
1000,26,"2D",1.42700000000002,999,1000
1000,26,"1D",1.19999999999993,999,1000
100,26,"2D",3.82600000000002,99,100
100,26,"1D",4.17500000000007,99,100
10,26,"2D",12.58,9,10
10,26,"1D",19.259,9,10
1,26,"2D",34.153,0,1
1,26,"1D",75.4079999999999,0,1
10000,27,"1D",0.636999999999944,9999,10000
10000,27,"2D",0.802999999999997,9999,10000
1000,27,"1D",1.23099999999999,999,1000
1000,27,"2D",1.42999999999995,999,1000
100,27,"1D",4.17499999999995,99,100
100,27,"2D",3.90499999999997,99,100
10,27,"1D",20.097,9,10
10,27,"2D",13.133,9,10
1,27,"1D",77.406,0,1
1,27,"2D",34.376,0,1
10000,28,"2D",0.795999999999935,9999,10000
10000,28,"1D",0.620000000000005,9999,10000
1000,28,"2D",1.40999999999997,999,1000
1000,28,"1D",1.20299999999997,999,1000
100,28,"2D",3.76599999999996,99,100
100,28,"1D",4.02599999999995,99,100
10,28,"2D",11.7190000000001,9,10
10,28,"1D",17.904,9,10
1,28,"2D",32.556,0,1
1,28,"1D",72.927,0,1
10000,29,"1D",0.622999999999934,9999,10000
10000,29,"2D",0.783000000000015,9999,10000
1000,29,"1D",1.18000000000006,999,1000
1000,29,"2D",1.40599999999995,999,1000
100,29,"1D",4.09699999999998,99,100
100,29,"2D",3.79700000000003,99,100
10,29,"1D",18.397,9,10
10,29,"2D",12.18,9,10
1,29,"1D",102.137,0,1
1,29,"2D",43.14,0,1
10000,30,"2D",0.783999999999992,9999,10000
10000,30,"1D",0.628000000000043,9999,10000
1000,30,"2D",1.39799999999991,999,1000
1000,30,"1D",1.18099999999993,999,1000
100,30,"2D",3.82900000000006,99,100
100,30,"1D",4.09700000000009,99,100
10,30,"2D",12.7399999999999,9,10
10,30,"1D",19.425,9,10
1,30,"2D",39.726,0,1
1,30,"1D",86.178,0,1
10000,31,"1D",0.620999999999981,9999,10000
10000,31,"2D",0.783000000000015,9999,10000
1000,31,"1D",1.19499999999994,999,1000
1000,31,"2D",1.40300000000002,999,1000
100,31,"1D",4.10400000000004,99,100
100,31,"2D",3.81900000000007,99,100
10,31,"1D",19.1020000000001,9,10
10,31,"2D",12.475,9,10
1,31,"1D",83.5400000000001,0,1
1,31,"2D",37.507,0,1
10000,32,"2D",0.789999999999964,9999,10000
10000,32,"1D",0.629000000000019,9999,10000
1000,32,"2D",1.399,999,1000
1000,32,"1D",1.19200000000001,999,1000
100,32,"2D",3.82700000000011,99,100
100,32,"1D",4.02600000000007,99,100
10,32,"2D",11.981,9,10
10,32,"1D",18.2829999999999,9,10
1,32,"2D",33.4400000000001,0,1
1,32,"1D",75.472,0,1
10000,33,"1D",0.639999999999986,9999,10000
10000,33,"2D",0.788999999999987,9999,10000
1000,33,"1D",1.245,999,1000
1000,33,"2D",1.404,999,1000
100,33,"1D",4.13499999999999,99,100
100,33,"2D",3.86099999999999,99,100
10,33,"1D",17.9649999999999,9,10
10,33,"2D",11.696,9,10
1,33,"1D",91.737,0,1
1,33,"2D",40.6020000000001,0,1
10000,34,"2D",0.784999999999968,9999,10000
10000,34,"1D",0.615000000000009,9999,10000
1000,34,"2D",1.40800000000002,999,1000
1000,34,"1D",1.19100000000003,999,1000
100,34,"2D",3.79899999999998,99,100
100,34,"1D",4.06200000000001,99,100
10,34,"2D",12.164,9,10
10,34,"1D",18.8779999999999,9,10
1,34,"2D",42.847,0,1
1,34,"1D",99.79,0,1
10000,35,"1D",0.626999999999953,9999,10000
10000,35,"2D",0.786999999999921,9999,10000
1000,35,"1D",1.20600000000002,999,1000
1000,35,"2D",1.41399999999999,999,1000
100,35,"1D",4.23599999999999,99,100
100,35,"2D",3.91300000000001,99,100
10,35,"1D",19.433,9,10
10,35,"2D",12.649,9,10
1,35,"1D",108.203,0,1
1,35,"2D",46.4010000000001,0,1
10000,36,"2D",0.789999999999964,9999,10000
10000,36,"1D",0.619000000000028,9999,10000
1000,36,"2D",1.41599999999994,999,1000
1000,36,"1D",1.19500000000005,999,1000
100,36,"2D",3.84899999999993,99,100
100,36,"1D",4.12400000000002,99,100
10,36,"2D",12.532,9,10
10,36,"1D",19.2299999999999,9,10
1,36,"2D",42.14,0,1
1,36,"1D",95.0129999999999,0,1
10000,37,"1D",0.642000000000053,9999,10000
10000,37,"2D",0.798000000000002,9999,10000
1000,37,"1D",1.21799999999996,999,1000
1000,37,"2D",1.41000000000008,999,1000
100,37,"1D",4.29999999999995,99,100
100,37,"2D",3.86900000000003,99,100
10,37,"1D",17.0650000000001,9,10
10,37,"2D",11.381,9,10
1,37,"1D",95.3739999999999,0,1
1,37,"2D",40.928,0,1
10000,38,"2D",0.796000000000049,9999,10000
10000,38,"1D",0.629999999999995,9999,10000
1000,38,"2D",1.39700000000005,999,1000
1000,38,"1D",1.18999999999994,999,1000
100,38,"2D",3.83499999999992,99,100
100,38,"1D",4.20499999999993,99,100
10,38,"2D",12.063,9,10
10,38,"1D",18.2769999999999,9,10
1,38,"2D",41.836,0,1
1,38,"1D",92.366,0,1
10000,39,"1D",0.631000000000085,9999,10000
10000,39,"2D",0.785999999999945,9999,10000
1000,39,"1D",1.21199999999999,999,1000
1000,39,"2D",1.43100000000004,999,1000
100,39,"1D",4.16800000000001,99,100
100,39,"2D",3.88300000000004,99,100
10,39,"1D",19.0640000000001,9,10
10,39,"2D",12.655,9,10
1,39,"1D",85.35,0,1
1,39,"2D",37.392,0,1
10000,40,"2D",0.787000000000035,9999,10000
10000,40,"1D",0.626999999999953,9999,10000
1000,40,"2D",1.41599999999994,999,1000
1000,40,"1D",1.21600000000001,999,1000
100,40,"2D",3.83500000000004,99,100
100,40,"1D",4.10900000000004,99,100
10,40,"2D",12.593,9,10
10,40,"1D",19.795,9,10
1,40,"2D",43.934,0,1
1,40,"1D",101.149,0,1
10000,41,"1D",0.630999999999972,9999,10000
10000,41,"2D",0.798000000000002,9999,10000
1000,41,"1D",1.21100000000001,999,1000
1000,41,"2D",1.42600000000004,999,1000
100,41,"1D",4.12099999999998,99,100
100,41,"2D",3.78800000000001,99,100
10,41,"1D",19.0079999999999,9,10
10,41,"2D",12.4400000000001,9,10
1,41,"1D",108.431,0,1
1,41,"2D",44.797,0,1
10000,42,"2D",0.797000000000025,9999,10000
10000,42,"1D",0.627000000000066,9999,10000
1000,42,"2D",1.43100000000004,999,1000
1000,42,"1D",1.20699999999999,999,1000
100,42,"2D",3.85799999999995,99,100
100,42,"1D",4.09299999999996,99,100
10,42,"2D",11.779,9,10
10,42,"1D",17.797,9,10
1,42,"2D",38.21,0,1
1,42,"1D",83.429,0,1
10000,43,"1D",0.640999999999963,9999,10000
10000,43,"2D",0.797000000000025,9999,10000
1000,43,"1D",1.20799999999997,999,1000
1000,43,"2D",1.40999999999997,999,1000
100,43,"1D",4.04999999999995,99,100
100,43,"2D",3.77599999999995,99,100
10,43,"1D",18.831,9,10
10,43,"2D",12.361,9,10
1,43,"1D",87.28,0,1
1,43,"2D",37.1990000000001,0,1
10000,44,"2D",0.797000000000025,9999,10000
10000,44,"1D",0.641999999999939,9999,10000
1000,44,"2D",1.40300000000002,999,1000
1000,44,"1D",1.19999999999993,999,1000
100,44,"2D",3.84299999999996,99,100
100,44,"1D",4.16999999999996,99,100
10,44,"2D",12.067,9,10
10,44,"1D",18.26,9,10
1,44,"2D",38.8340000000001,0,1
1,44,"1D",91.7990000000001,0,1
10000,45,"1D",0.636000000000081,9999,10000
10000,45,"2D",0.784999999999968,9999,10000
1000,45,"1D",1.19599999999991,999,1000
1000,45,"2D",1.3900000000001,999,1000
100,45,"1D",4.1640000000001,99,100
100,45,"2D",3.83299999999997,99,100
10,45,"1D",18.049,9,10
10,45,"2D",11.902,9,10
1,45,"1D",94.114,0,1
1,45,"2D",41.4009999999998,0,1
10000,46,"2D",0.79099999999994,9999,10000
10000,46,"1D",0.620999999999981,9999,10000
1000,46,"2D",1.39400000000001,999,1000
1000,46,"1D",1.19299999999998,999,1000
100,46,"2D",3.90100000000007,99,100
100,46,"1D",4.16300000000001,99,100
10,46,"2D",11.7909999999999,9,10
10,46,"1D",17.895,9,10
1,46,"2D",38.2189999999999,0,1
1,46,"1D",84.614,0,1
10000,47,"1D",0.625,9999,10000
10000,47,"2D",0.788000000000011,9999,10000
1000,47,"1D",1.20099999999991,999,1000
1000,47,"2D",1.40899999999999,999,1000
100,47,"1D",4.15599999999995,99,100
100,47,"2D",3.928,99,100
10,47,"1D",18.764,9,10
10,47,"2D",12.068,9,10
1,47,"1D",104.325,0,1
1,47,"2D",45.615,0,1
10000,48,"2D",0.802999999999997,9999,10000
10000,48,"1D",0.626999999999953,9999,10000
1000,48,"2D",1.41300000000001,999,1000
1000,48,"1D",1.202,999,1000
100,48,"2D",3.82600000000002,99,100
100,48,"1D",4.17100000000005,99,100
10,48,"2D",11.588,9,10
10,48,"1D",17.723,9,10
1,48,"2D",41.76,0,1
1,48,"1D",93.192,0,1
10000,49,"1D",0.630999999999858,9999,10000
10000,49,"2D",0.789999999999964,9999,10000
1000,49,"1D",1.21800000000007,999,1000
1000,49,"2D",1.41099999999983,999,1000
100,49,"1D",4.13200000000006,99,100
100,49,"2D",3.85300000000007,99,100
10,49,"1D",17.0740000000001,9,10
10,49,"2D",11.3499999999999,9,10
1,49,"1D",86.912,0,1
1,49,"2D",39.633,0,1
10000,50,"2D",0.796000000000049,9999,10000
10000,50,"1D",0.622000000000071,9999,10000
1000,50,"2D",1.41699999999992,999,1000
1000,50,"1D",1.21199999999999,999,1000
100,50,"2D",3.80500000000006,99,100
100,50,"1D",4.09400000000005,99,100
10,50,"2D",12.7260000000001,9,10
10,50,"1D",19.0650000000001,9,10
1,50,"2D",42.6600000000001,0,1
1,50,"1D",99.75,0,1
10000,51,"1D",0.651000000000067,9999,10000
10000,51,"2D",0.803000000000111,9999,10000
1000,51,"1D",1.21500000000015,999,1000
1000,51,"2D",1.41200000000003,999,1000
100,51,"1D",4.12400000000002,99,100
100,51,"2D",3.80600000000004,99,100
10,51,"1D",19.021,9,10
10,51,"2D",12.4079999999999,9,10
1,51,"1D",106.213,0,1
1,51,"2D",47.0200000000002,0,1
10000,52,"2D",0.796000000000049,9999,10000
10000,52,"1D",0.628000000000156,9999,10000
1000,52,"2D",1.43200000000002,999,1000
1000,52,"1D",1.2170000000001,999,1000
100,52,"2D",3.84899999999993,99,100
100,52,"1D",4.10900000000015,99,100
10,52,"2D",11.981,9,10
10,52,"1D",18.2930000000001,9,10
1,52,"2D",38.9409999999998,0,1
1,52,"1D",86.2749999999999,0,1
10000,53,"1D",0.628999999999905,9999,10000
10000,53,"2D",0.787000000000035,9999,10000
1000,53,"1D",1.19800000000009,999,1000
1000,53,"2D",1.41200000000003,999,1000
100,53,"1D",4.15100000000007,99,100
100,53,"2D",3.8599999999999,99,100
10,53,"1D",18.875,9,10
10,53,"2D",12.402,9,10
1,53,"1D",88.4959999999999,0,1
1,53,"2D",37.9170000000001,0,1
10000,54,"2D",0.812000000000126,9999,10000
10000,54,"1D",0.626999999999953,9999,10000
1000,54,"2D",1.41499999999996,999,1000
1000,54,"1D",1.19100000000003,999,1000
100,54,"2D",3.81799999999998,99,100
100,54,"1D",4.07600000000002,99,100
10,54,"2D",11.471,9,10
10,54,"1D",17.569,9,10
1,54,"2D",46.0640000000001,0,1
1,54,"1D",111.498,0,1
10000,55,"1D",0.634999999999991,9999,10000
10000,55,"2D",0.792999999999893,9999,10000
1000,55,"1D",1.20100000000002,999,1000
1000,55,"2D",1.41799999999989,999,1000
100,55,"1D",4.12599999999998,99,100
100,55,"2D",3.82199999999989,99,100
10,55,"1D",18.7049999999999,9,10
10,55,"2D",12.1700000000001,9,10
1,55,"1D",88.8240000000001,0,1
1,55,"2D",38.0450000000001,0,1
10000,56,"2D",0.792999999999893,9999,10000
10000,56,"1D",0.625999999999976,9999,10000
1000,56,"2D",1.40499999999997,999,1000
1000,56,"1D",1.19100000000003,999,1000
100,56,"2D",3.89400000000001,99,100
100,56,"1D",4.14499999999998,99,100
10,56,"2D",11.675,9,10
10,56,"1D",17.6179999999999,9,10
1,56,"2D",42.3910000000001,0,1
1,56,"1D",98.732,0,1
10000,57,"1D",0.636000000000195,9999,10000
10000,57,"2D",0.791000000000167,9999,10000
1000,57,"1D",1.20299999999997,999,1000
1000,57,"2D",1.41499999999996,999,1000
100,57,"1D",4.21299999999997,99,100
100,57,"2D",3.87199999999984,99,100
10,57,"1D",18.258,9,10
10,57,"2D",12.307,9,10
1,57,"1D",78.0889999999999,0,1
1,57,"2D",34.3620000000001,0,1
10000,58,"2D",0.807000000000016,9999,10000
10000,58,"1D",0.640999999999849,9999,10000
1000,58,"2D",1.423,999,1000
1000,58,"1D",1.20800000000008,999,1000
100,58,"2D",3.90900000000011,99,100
100,58,"1D",4.21699999999987,99,100
10,58,"2D",13.3989999999999,9,10
10,58,"1D",19.865,9,10
1,58,"2D",36.1299999999999,0,1
1,58,"1D",77.829,0,1
10000,59,"1D",0.648000000000138,9999,10000
10000,59,"2D",0.811000000000149,9999,10000
1000,59,"1D",1.22300000000018,999,1000
1000,59,"2D",1.41300000000001,999,1000
100,59,"1D",4.04099999999994,99,100
100,59,"2D",3.80899999999997,99,100
10,59,"1D",18.3869999999999,9,10
10,59,"2D",12.28,9,10
1,59,"1D",78.902,0,1
1,59,"2D",36.4770000000001,0,1
10000,60,"2D",0.788999999999987,9999,10000
10000,60,"1D",0.623000000000047,9999,10000
1000,60,"2D",1.4190000000001,999,1000
1000,60,"1D",1.27499999999986,999,1000
100,60,"2D",4.11999999999989,99,100
100,60,"1D",4.25099999999998,99,100
10,60,"2D",12.914,9,10
10,60,"1D",20.3099999999999,9,10
1,60,"2D",42.8449999999998,0,1
1,60,"1D",98.9200000000001,0,1
10000,61,"1D",0.628999999999905,9997,9998
10000,61,"2D",0.791999999999916,9997,9998
1000,61,"1D",1.21100000000001,999,1000
1000,61,"2D",1.41300000000001,999,1000
100,61,"1D",4.05000000000018,99,100
100,61,"2D",3.80099999999993,99,100
10,61,"1D",18.7549999999999,9,10
10,61,"2D",12.2760000000001,9,10
1,61,"1D",86.6959999999999,0,1
1,61,"2D",37.7669999999998,0,1
10000,62,"2D",0.799999999999955,9999,10000
10000,62,"1D",0.631000000000085,9999,10000
1000,62,"2D",1.42399999999998,999,1000
1000,62,"1D",1.20000000000005,999,1000
100,62,"2D",3.89800000000014,99,100
100,62,"1D",4.25400000000013,99,100
10,62,"2D",12.1360000000002,9,10
10,62,"1D",18.711,9,10
1,62,"2D",43.6949999999999,0,1
1,62,"1D",98.7850000000001,0,1
10000,63,"1D",0.700000000000045,9999,10000
10000,63,"2D",0.797000000000025,9999,10000
1000,63,"1D",1.20699999999988,999,1000
1000,63,"2D",1.45699999999988,999,1000
100,63,"1D",4.13200000000006,99,100
100,63,"2D",3.81600000000003,99,100
10,63,"1D",17.9839999999999,9,10
10,63,"2D",11.722,9,10
1,63,"1D",95.3,0,1
1,63,"2D",40.4780000000001,0,1
10000,64,"2D",0.799999999999955,9999,10000
10000,64,"1D",0.673999999999978,9999,10000
1000,64,"2D",1.41599999999994,999,1000
1000,64,"1D",1.19599999999991,999,1000
100,64,"2D",3.91599999999994,99,100
100,64,"1D",4.24399999999991,99,100
10,64,"2D",12.452,9,10
10,64,"1D",19.0640000000001,9,10
1,64,"2D",35.5329999999999,0,1
1,64,"1D",79.31,0,1
10000,65,"1D",0.634999999999991,9999,10000
10000,65,"2D",0.788999999999987,9999,10000
1000,65,"1D",1.35500000000002,999,1000
1000,65,"2D",1.44499999999994,999,1000
100,65,"1D",4.2030000000002,99,100
100,65,"2D",3.94900000000007,99,100
10,65,"1D",17.1859999999999,9,10
10,65,"2D",11.3030000000001,9,10
1,65,"1D",88.1379999999999,0,1
1,65,"2D",39.2150000000001,0,1
10000,66,"2D",0.833999999999833,9999,10000
10000,66,"1D",0.624000000000024,9999,10000
1000,66,"2D",1.43399999999997,999,1000
1000,66,"1D",1.21900000000005,999,1000
100,66,"2D",4.10500000000002,99,100
100,66,"1D",4.21199999999999,99,100
10,66,"2D",13.1960000000001,9,10
10,66,"1D",20.1969999999999,9,10
1,66,"2D",38.6690000000001,0,1
1,66,"1D",89.9399999999998,0,1
10000,67,"1D",0.633000000000038,9999,10000
10000,67,"2D",0.794000000000096,9999,10000
1000,67,"1D",1.21499999999992,999,1000
1000,67,"2D",1.42600000000016,999,1000
100,67,"1D",4.2360000000001,99,100
100,67,"2D",3.91200000000003,99,100
10,67,"1D",18.056,9,10
10,67,"2D",12.0029999999999,9,10
1,67,"1D",79.2159999999999,0,1
1,67,"2D",34.3520000000001,0,1
10000,68,"2D",0.793999999999869,9999,10000
10000,68,"1D",0.646999999999935,9999,10000
1000,68,"2D",1.42599999999993,999,1000
1000,68,"1D",1.21100000000001,999,1000
100,68,"2D",3.87800000000016,99,100
100,68,"1D",4.029,99,100
10,68,"2D",12.2349999999999,9,10
10,68,"1D",18.9849999999999,9,10
1,68,"2D",34.1940000000002,0,1
1,68,"1D",78.972,0,1
10000,69,"1D",0.63799999999992,9997,9998
10000,69,"2D",0.795000000000073,9997,9998
1000,69,"1D",1.21300000000019,999,1000
1000,69,"2D",1.41499999999996,999,1000
100,69,"1D",4.1110000000001,99,100
100,69,"2D",3.86099999999988,99,100
10,69,"1D",18.54,9,10
10,69,"2D",11.556,9,10
1,69,"1D",88.7159999999999,0,1
1,69,"2D",39.4650000000001,0,1
10000,70,"2D",0.796000000000049,9999,10000
10000,70,"1D",0.628999999999905,9999,10000
1000,70,"2D",1.45499999999993,999,1000
1000,70,"1D",1.20000000000005,999,1000
100,70,"2D",3.9369999999999,99,100
100,70,"1D",4.41399999999999,99,100
10,70,"2D",11.78,9,10
10,70,"1D",17.625,9,10
1,70,"2D",38.682,0,1
1,70,"1D",89.1200000000001,0,1
10000,71,"1D",0.625,9999,10000
10000,71,"2D",0.79099999999994,9999,10000
1000,71,"1D",1.21000000000004,999,1000
1000,71,"2D",1.4190000000001,999,1000
100,71,"1D",4.13599999999997,99,100
100,71,"2D",3.87200000000007,99,100
10,71,"1D",18.354,9,10
10,71,"2D",12.0989999999999,9,10
1,71,"1D",91.6989999999998,0,1
1,71,"2D",40.3199999999999,0,1
10000,72,"2D",0.797000000000025,9999,10000
10000,72,"1D",0.651999999999816,9999,10000
1000,72,"2D",1.40900000000011,999,1000
1000,72,"1D",1.21500000000015,999,1000
100,72,"2D",3.84300000000007,99,100
100,72,"1D",4.11200000000008,99,100
10,72,"2D",12.7809999999999,9,10
10,72,"1D",19.269,9,10
1,72,"2D",35.7649999999999,0,1
1,72,"1D",81.403,0,1
10000,73,"1D",0.632000000000062,9999,10000
10000,73,"2D",0.786000000000058,9999,10000
1000,73,"1D",1.29700000000003,999,1000
1000,73,"2D",1.41399999999999,999,1000
100,73,"1D",4.14699999999993,99,100
100,73,"2D",3.85699999999997,99,100
10,73,"1D",18.4100000000001,9,10
10,73,"2D",12.067,9,10
1,73,"1D",70.0910000000001,0,1
1,73,"2D",30.3330000000001,0,1
10000,74,"2D",0.792999999999893,9999,10000
10000,74,"1D",0.625,9999,10000
1000,74,"2D",1.40099999999984,999,1000
1000,74,"1D",1.18900000000008,999,1000
100,74,"2D",3.78400000000011,99,100
100,74,"1D",4.06000000000017,99,100
10,74,"2D",13.1379999999999,9,10
10,74,"1D",20.0559999999998,9,10
1,74,"2D",39.934,0,1
1,74,"1D",89.2520000000002,0,1
10000,75,"1D",0.659999999999854,9999,10000
10000,75,"2D",0.79099999999994,9999,10000
1000,75,"1D",1.21000000000004,999,1000
1000,75,"2D",1.43299999999999,999,1000
100,75,"1D",4.24000000000001,99,100
100,75,"2D",3.95700000000011,99,100
10,75,"1D",19.1750000000002,9,10
10,75,"2D",12.076,9,10
1,75,"1D",83.2760000000001,0,1
1,75,"2D",38.0849999999998,0,1
10000,76,"2D",0.798000000000002,9999,10000
10000,76,"1D",0.624000000000024,9999,10000
1000,76,"2D",1.40300000000002,999,1000
1000,76,"1D",1.19100000000003,999,1000
100,76,"2D",3.85200000000009,99,100
100,76,"1D",4.09099999999989,99,100
10,76,"2D",12.7610000000002,9,10
10,76,"1D",20.078,9,10
1,76,"2D",37.9010000000001,0,1
1,76,"1D",89.423,0,1
10000,77,"1D",0.609000000000151,9999,10000
10000,77,"2D",0.767000000000053,9999,10000
1000,77,"1D",1.16599999999994,999,1000
1000,77,"2D",1.375,999,1000
100,77,"1D",4.01599999999985,99,100
100,77,"2D",3.78399999999988,99,100
10,77,"1D",21.009,9,10
10,77,"2D",13.9769999999999,9,10
1,77,"1D",78.2339999999999,0,1
1,77,"2D",32.7620000000002,0,1
10000,78,"2D",0.772999999999911,9999,10000
10000,78,"1D",0.611000000000104,9999,10000
1000,78,"2D",1.37999999999988,999,1000
1000,78,"1D",1.16799999999989,999,1000
100,78,"2D",3.84099999999989,99,100
100,78,"1D",4.16399999999999,99,100
10,78,"2D",12.895,9,10
10,78,"1D",19.866,9,10
1,78,"2D",55.5329999999999,0,1
1,78,"1D",127.589,0,1
10000,79,"1D",0.626999999999953,9999,10000
10000,79,"2D",0.799999999999955,9999,10000
1000,79,"1D",1.20000000000005,999,1000
1000,79,"2D",1.42200000000003,999,1000
100,79,"1D",4.20000000000005,99,100
100,79,"2D",3.82899999999995,99,100
10,79,"1D",20.1029999999998,9,10
10,79,"2D",13.0739999999998,9,10
1,79,"1D",88.02,0,1
1,79,"2D",36.3820000000001,0,1
10000,80,"2D",0.794999999999845,9999,10000
10000,80,"1D",0.624000000000024,9999,10000
1000,80,"2D",1.4050000000002,999,1000
1000,80,"1D",1.1880000000001,999,1000
100,80,"2D",3.78699999999981,99,100
100,80,"1D",3.97400000000016,99,100
10,80,"2D",12.5989999999999,9,10
10,80,"1D",19.568,9,10
1,80,"2D",29.03,0,1
1,80,"1D",63.7339999999999,0,1
10000,81,"1D",0.682000000000016,9999,10000
10000,81,"2D",0.794000000000096,9999,10000
1000,81,"1D",1.19399999999996,999,1000
1000,81,"2D",1.45800000000008,999,1000
100,81,"1D",4.03100000000018,99,100
100,81,"2D",3.72199999999998,99,100
10,81,"1D",18.011,9,10
10,81,"2D",11.46,9,10
1,81,"1D",72.9170000000001,0,1
1,81,"2D",31.827,0,1
10000,82,"2D",0.781999999999925,9999,10000
10000,82,"1D",0.618999999999915,9999,10000
1000,82,"2D",1.38800000000015,999,1000
1000,82,"1D",1.19100000000003,999,1000
100,82,"2D",3.75800000000004,99,100
100,82,"1D",4.6400000000001,99,100
10,82,"2D",12.24,9,10
10,82,"1D",19.1130000000001,9,10
1,82,"2D",37.344,0,1
1,82,"1D",86.3910000000001,0,1
10000,83,"1D",0.6099999999999,9999,10000
10000,83,"2D",0.765999999999849,9999,10000
1000,83,"1D",1.21100000000001,999,1000
1000,83,"2D",1.37000000000012,999,1000
100,83,"1D",3.91699999999992,99,100
100,83,"2D",3.69200000000001,99,100
10,83,"1D",17.2929999999999,9,10
10,83,"2D",11.056,9,10
1,83,"1D",106.472,0,1
1,83,"2D",47.9000000000001,0,1
10000,84,"2D",0.767000000000053,9999,10000
10000,84,"1D",0.602000000000089,9999,10000
1000,84,"2D",1.37100000000009,999,1000
1000,84,"1D",1.15900000000011,999,1000
100,84,"2D",3.75299999999993,99,100
100,84,"1D",3.98599999999988,99,100
10,84,"2D",12.1600000000001,9,10
10,84,"1D",19.3029999999999,9,10
1,84,"2D",29.6030000000001,0,1
1,84,"1D",65.8890000000001,0,1
10000,85,"1D",0.6099999999999,9999,10000
10000,85,"2D",0.764999999999873,9999,10000
1000,85,"1D",1.16200000000003,999,1000
1000,85,"2D",1.35900000000015,999,1000
100,85,"1D",4.03199999999993,99,100
100,85,"2D",3.68099999999981,99,100
10,85,"1D",18.9580000000001,9,10
10,85,"2D",12.069,9,10
1,85,"1D",109.624,0,1
1,85,"2D",47.047,0,1
10000,86,"2D",0.760999999999967,9999,10000
10000,86,"1D",0.599999999999909,9999,10000
1000,86,"2D",1.36400000000003,999,1000
1000,86,"1D",1.15599999999995,999,1000
100,86,"2D",3.78500000000008,99,100
100,86,"1D",4.05499999999984,99,100
10,86,"2D",11.4849999999999,9,10
10,86,"1D",17.5409999999999,9,10
1,86,"2D",34.165,0,1
1,86,"1D",79.819,0,1
10000,87,"1D",0.610000000000127,9999,10000
10000,87,"2D",0.787000000000035,9999,10000
1000,87,"1D",1.15999999999985,999,1000
1000,87,"2D",1.35599999999999,999,1000
100,87,"1D",4.02099999999996,99,100
100,87,"2D",3.82500000000005,99,100
10,87,"1D",18.469,9,10
10,87,"2D",11.9649999999999,9,10
1,87,"1D",75.78,0,1
1,87,"2D",34.577,0,1
10000,88,"2D",0.769999999999982,9999,10000
10000,88,"1D",0.6099999999999,9999,10000
1000,88,"2D",1.38300000000004,999,1000
1000,88,"1D",1.1690000000001,999,1000
100,88,"2D",3.81799999999998,99,100
100,88,"1D",4.00999999999999,99,100
10,88,"2D",11.672,9,10
10,88,"1D",18.433,9,10
1,88,"2D",31.4089999999999,0,1
1,88,"1D",71.0889999999999,0,1
10000,89,"1D",0.605999999999995,9999,10000
10000,89,"2D",0.766000000000076,9999,10000
1000,89,"1D",1.17500000000018,999,1000
1000,89,"2D",1.38200000000006,999,1000
100,89,"1D",3.90200000000004,99,100
100,89,"2D",3.67599999999993,99,100
10,89,"1D",17.539,9,10
10,89,"2D",11.5619999999999,9,10
1,89,"1D",92.1999999999998,0,1
1,89,"2D",39.5650000000001,0,1
10000,90,"2D",0.769999999999982,9999,10000
10000,90,"1D",0.607000000000198,9999,10000
1000,90,"2D",1.36699999999996,999,1000
1000,90,"1D",1.21199999999999,999,1000
100,90,"2D",3.66300000000001,99,100
100,90,"1D",3.91399999999999,99,100
10,90,"2D",12.7059999999999,9,10
10,90,"1D",19.643,9,10
1,90,"2D",38.549,0,1
1,90,"1D",86.4850000000001,0,1
10000,91,"1D",0.613000000000056,9999,10000
10000,91,"2D",0.773000000000138,9999,10000
1000,91,"1D",1.17099999999982,999,1000
1000,91,"2D",1.38100000000009,999,1000
100,91,"1D",4.01999999999998,99,100
100,91,"2D",3.73900000000003,99,100
10,91,"1D",17.539,9,10
10,91,"2D",11.5170000000001,9,10
1,91,"1D",97.9839999999999,0,1
1,91,"2D",42.1120000000001,0,1
10000,92,"2D",0.773999999999887,9999,10000
10000,92,"1D",0.605999999999995,9999,10000
1000,92,"2D",1.38699999999994,999,1000
1000,92,"1D",1.173,999,1000
100,92,"2D",3.76600000000008,99,100
100,92,"1D",3.92600000000016,99,100
10,92,"2D",11.7629999999999,9,10
10,92,"1D",17.9169999999999,9,10
1,92,"2D",39.1880000000001,0,1
1,92,"1D",90.7970000000003,0,1
10000,93,"1D",0.613999999999805,9999,10000
10000,93,"2D",0.772999999999911,9999,10000
1000,93,"1D",1.19799999999987,999,1000
1000,93,"2D",1.37099999999987,999,1000
100,93,"1D",4.00099999999998,99,100
100,93,"2D",3.69900000000007,99,100
10,93,"1D",19.883,9,10
10,93,"2D",12.5739999999998,9,10
1,93,"1D",71.392,0,1
1,93,"2D",31.4689999999998,0,1
10000,94,"2D",0.765999999999849,9999,10000
10000,94,"1D",0.601000000000113,9999,10000
1000,94,"2D",1.39499999999998,999,1000
1000,94,"1D",1.16000000000008,999,1000
100,94,"2D",3.73299999999995,99,100
100,94,"1D",3.95899999999983,99,100
10,94,"2D",11.748,9,10
10,94,"1D",18.0069999999998,9,10
1,94,"2D",34.576,0,1
1,94,"1D",77.9169999999999,0,1
10000,95,"1D",0.619999999999891,9999,10000
10000,95,"2D",0.769999999999982,9999,10000
1000,95,"1D",1.18299999999999,999,1000
1000,95,"2D",1.36799999999994,999,1000
100,95,"1D",3.87400000000002,99,100
100,95,"2D",3.63300000000004,99,100
10,95,"1D",17.626,9,10
10,95,"2D",11.376,9,10
1,95,"1D",84.999,0,1
1,95,"2D",35.8199999999997,0,1
10000,96,"2D",0.76299999999992,9999,10000
10000,96,"1D",0.600000000000136,9999,10000
1000,96,"2D",1.34099999999989,999,1000
1000,96,"1D",1.14200000000005,999,1000
100,96,"2D",3.78399999999988,99,100
100,96,"1D",3.95499999999993,99,100
10,96,"2D",11.723,9,10
10,96,"1D",18.5350000000001,9,10
1,96,"2D",30.4760000000001,0,1
1,96,"1D",66.9520000000002,0,1
10000,97,"1D",0.627999999999929,9999,10000
10000,97,"2D",0.761999999999944,9999,10000
1000,97,"1D",1.17399999999998,999,1000
1000,97,"2D",1.37699999999995,999,1000
100,97,"1D",3.97699999999986,99,100
100,97,"2D",3.73000000000002,99,100
10,97,"1D",17.663,9,10
10,97,"2D",11.585,9,10
1,97,"1D",76.5610000000001,0,1
1,97,"2D",29.3409999999999,0,1
10000,98,"2D",0.76700000000028,9999,10000
10000,98,"1D",0.626999999999953,9999,10000
1000,98,"2D",1.42399999999998,999,1000
1000,98,"1D",1.18100000000004,999,1000
100,98,"2D",3.72700000000032,99,100
100,98,"1D",3.94599999999991,99,100
10,98,"2D",12.0329999999999,9,10
10,98,"1D",18.277,9,10
1,98,"2D",44.5500000000002,0,1
1,98,"1D",86.7910000000002,0,1
10000,99,"1D",0.646999999999935,9999,10000
10000,99,"2D",0.769999999999982,9999,10000
1000,99,"1D",1.16100000000006,999,1000
1000,99,"2D",1.36400000000003,999,1000
100,99,"1D",4.18599999999969,99,100
100,99,"2D",3.66300000000001,99,100
10,99,"1D",18.5880000000002,9,10
10,99,"2D",12.2069999999999,9,10
1,99,"1D",89.9860000000003,0,1
1,99,"2D",35.1500000000001,0,1
10000,100,"2D",0.760000000000218,9999,10000
10000,100,"1D",0.596999999999753,9999,10000
1000,100,"2D",1.36700000000019,999,1000
1000,100,"1D",1.15900000000011,999,1000
100,100,"2D",3.74299999999994,99,100
100,100,"1D",4.03600000000006,99,100
10,100,"2D",12.2799999999997,9,10
10,100,"1D",17.7980000000002,9,10
1,100,"2D",48.114,0,1
1,100,"1D",98.904,0,1
